Index of The Mighty Messenger articles	Index des articles du Mighty Messenger
Summer 1997 Issue	Numéro d'été 1997
Summer 1997 Issue	The Mighty Messenger — Numéro d'été 1997
Fall 1997 Issue	Numéro d'automne 1997
Fall 1997 Issue	The Mighty Messenger — Numéro d'automne 1997
Winter 1997 Issue	Numéro d'hiver 1997
Winter 1997 Issue	The Mighty Messenger — Numéro d'hiver 1997
Spring 1998 Issue	Numéro du printemps 1998
Spring 1998 Issue	The Mighty Messenger — Numéro du printemps 1998
Summer 1998 Issue	Numéro d'été 1998
Summer 1998 Issue	The Mighty Messenger — Numéro d'été 1998
Fall/Winter 1998 Issue	Numéro automne/hiver 1998
Fall/Winter 1998 Issue	The Mighty Messenger — Numéro automne/hiver 1998
Summer 1999 Issue	Numéro d'été 1999
Summer 1999 Issue	The Mighty Messenger — Numéro d'été 1999
Fall 1999 Issue	Numéro d'automne 1999
Fall 1999 Issue	The Mighty Messenger — Numéro d'automne 1999
Spring 2001 Issue	Numéro du printemps 2001
Spring 2001 Issue	The Mighty Messenger — Numéro du printemps 2001
Summer 2001 Issue	Numéro d'été 2001
Summer 2001 Issue	The Mighty Messenger — Numéro d'été 2001
Spring 2002 Issue	Numéro du printemps 2002
Spring 2002 Issue	The Mighty Messenger — Numéro du printemps 2002
Spring 2003 Issue	Numéro du printemps 2003
Spring 2003 Issue	The Mighty Messenger — Numéro du printemps 2003
Fall 2003 Issue	Numéro d'automne 2003
Fall 2003 Issue	The Mighty Messenger — Numéro d'automne 2003
Spring 2004 Issue	Numéro du printemps 2004
Spring 2004 Issue	The Mighty Messenger — Numéro du printemps 2004
Winter 2004 Issue	Numéro d'hiver 2004
Winter 2004 Issue	The Mighty Messenger — Numéro d'hiver 2004
Spring 2005 Issue	Numéro du printemps 2005
Spring 2005 Issue	The Mighty Messenger — Numéro du printemps 2005
Winter 2005 Issue	Numéro d'hiver 2005
Winter 2005 Issue	The Mighty Messenger — Numéro d'hiver 2005
Spring 2006 Issue	Numéro du printemps 2006
Spring 2006 Issue	The Mighty Messenger — Numéro du printemps 2006
Fall 2006 Issue	Numéro d'automne 2006
Fall 2006 Issue	The Mighty Messenger — Numéro d'automne 2006
Spring 2007 Issue	Numéro du printemps 2007
Spring 2007 Issue	The Mighty Messenger — Numéro du printemps 2007
Winter 2007 Issue	Numéro d'hiver 2007
Winter 2007 Issue	The Mighty Messenger — Numéro d'hiver 2007
Spring 2008 Issue	Numéro du printemps 2008
Spring 2008 Issue	The Mighty Messenger — Numéro du printemps 2008
Winter 2008 Issue	Numéro d'hiver 2008
Winter 2008 Issue	The Mighty Messenger — Numéro d'hiver 2008
Winter 2009 Issue	Numéro d'hiver 2009
Winter 2009 Issue	The Mighty Messenger — Numéro d'hiver 2009
Spring 2010 Issue	Numéro du printemps 2010
Spring 2010 Issue	The Mighty Messenger — Numéro du printemps 2010
Winter 2010 Issue	Numéro d'hiver 2010
Winter 2010 Issue	The Mighty Messenger — Numéro d'hiver 2010
Fall 2011 Issue	Numéro d'automne 2011
Fall 2011 Issue	The Mighty Messenger — Numéro d'automne 2011
Spring 2012 Issue	Numéro du printemps 2012
Spring 2012 Issue	The Mighty Messenger — Numéro du printemps 2012
Winter 2012 Issue	Numéro d'hiver 2012
Winter 2012 Issue	The Mighty Messenger — Numéro d'hiver 2012
Spring 2013 Issue	Numéro du printemps 2013
Spring 2013 Issue	The Mighty Messenger — Numéro du printemps 2013
Winter 2013 Issue	Numéro d'hiver 2013
Winter 2013 Issue	The Mighty Messenger — Numéro d'hiver 2013
Spring 2014 Issue	Numéro du printemps 2014
Spring 2014 Issue	The Mighty Messenger — Numéro du printemps 2014
Winter 2014 Issue	Numéro hiver 2014
Winter 2014 Issue	The Mighty Messenger — Numéro hiver 2014
Spring 2015 Issue	Numéro du printemps 2015
Spring 2015 Issue	The Mighty Messenger — Numéro du printemps 2015
Fall 2015 Issue	Numéro d'automne 2015
Fall 2015 Issue	The Mighty Messenger — Numéro d'automne 2015
Spring 2016 Issue	Numéro du printemps 2016
Spring 2016 Issue	The Mighty Messenger — Numéro du printemps 2016
Fall 2016 Issue	Numéro d'automne 2016
Fall 2016 Issue	The Mighty Messenger — Numéro d'automne 2016
Spring 2017 Issue	Numéro du printemps 2017
Spring 2017 Issue	The Mighty Messenger — Numéro du printemps 2017
Fall 2017 Issue	Numéro d'automne 2017
Fall 2017 Issue	The Mighty Messenger — Numéro d'automne 2017
Summer 2018 Issue	Numéro d'été 2018
Summer 2018 Issue	The Mighty Messenger — Numéro d'été 2018
Fall 2018 Issue	Numéro d'automne 2018
The Parliament of the World's Religions	Le Parlement des Religions du Monde
Parliament Booth Guidelines	Lignes directrices pour les kiosques du Parlement
2018 Parliament Urantia Workshops	Ateliers Urantia du Parlement 2018
What is Interfaith	Qu’est-ce que l’interconfessionnel ?
Invitation to serve on the GC	Invitation à siéger au GC
New General Councilors, Executive Committee	Invitation à siéger au GC
Guadalajara International Book Fair 2018	Foire internationale du livre de Guadalajara 2018
Spanish Urantia Book at Guadalajara International Book Fair	Le Livre d'Urantia en espagnol à la Foire internationale du livre de Gudalajara
A Glimpse of The Universe	Un aperçu de l’univers
Summer 2018 Interfaith Aventures North American Interfaith Network NAIN Conference	Conférence NAIN du Réseau interconfessionnel nord-américain d'Interfaith Aventures, été 2018
The Angel House Retreat	La retraite de la maison des anges
Divine Love Inspires Applied Faith	L’amour divin inspire la foi appliquée
A Hymn to Mother Spirit	Un hymne à l’Esprit Mère
UB Fundraiser letter	Lettre de collecte de fonds LU
The Fellowship's Inmate Correspondence Program ICP	Programme de correspondance des détenus (ICP) de la bourse
Spring 2019 Issue	Numéro du printemps 2019
Summer Study Session 2019	Session d'études d'été 2019 — du jeudi 27 juin au dimanche 30 juin
Dancing with God Retreat 2019	Danser avec Dieu : retraites spirituelles pour femmes
Youth and Young Adults in Boulder	Rassemblement de jeunes et de jeunes adultes à Poulder, Colorado 2019
Lifting Together	Soulever ensemble
Publications Survey	Enquête sur les publications
Machiventa Melchizedek	Machiventa Melchizédek
Our Experience at the Parliament of World’s Religions	Notre expérience au Parlement des religions du monde 2018
The Urantia Diaries of Harold and Martha Sherman	Les journaux d'Urantia d'Harold et Martha Sherman
United Nations Day	Journée des Nations Unies
Our Pilgrimage to The Holy Land of Jesus	Notre pèlerinage en Terre Sainte de Jésus
A Vision	Une vision
An Awareness	Une prise de conscience
End page	Fin de page
Fall 2019 Issue	Numéro d'automne 2019
Cover	The Mighty Messenger Automne 2019 — Couverture
Letter from the President	Une lettre de notre président Geoff Theiss
Vice President Bobbie Dreier (interim)	Vice-président par intérim — Bobbie Dreier
2019 Summer Study Session Worship	Le programme de culte de la session d’études d’été 2019
Secretary	Secrétaire – Steve Dreier
Treasurer	Trésorier – Emilio Coppola
Secretary General	Secrétaire général – Larry Bowman
UBF organizational chart	Organigramme de la Fellowship du Livre d'Urantia
Pipeline of Light	Pipeline de Lumière - 30 septembre 2019
Worldwide Service Team Chair	Président de l’équipe de service mondiale — Rapport du 30 août 2019
Interfaith Committee Chair	Président du comité interreligieux – Geoff Taylor
Wild Goose	Réflexion sur L'Oie Sauvage
Outreach Committee Chair	Rapport de sensibilisation 2018/2019
Youth and Young Adult Committee Chair	Président du comité YaYA (jeunes et jeunes adultes) – Sean Privitera
International Committee Chair	Président du Comité des bourses internationales – André Radatus
Fellowship Service Team Chair	Présidente de l’équipe du service de bourse – Lara Amyx
Judicial Committee Chair	Président du comité judiciaire – Tom Allen
Membership Committee Chair	Président du comité des adhésions
Education Committee Chair	Le Comité d’Éducation recherche l’excellence dans l’étude du Livre d’Urantia
Summer Study Session	Session d'étude d'été
Finance Committee Chair	Présidente des finances – Lara Amyx
Media and Communications Service Team Chair	L'équipe des médias et des communications – Michael Challis
Publications Committee Chair	Présidente du comité des publications – Cristina Seaborn
Spanish Website Committee	Coprésident du comité espagnol du site Web – Pablo Segovia
Web Content Committee	Rapport du Comité du contenu Web
IT Committee	Rapport du comité par Emilio Coppola — Liaison EC — De janvier 2019 à juin 2019
Office Report	Rapport de bureau 2019
Is Time a Circus or a Flower?	Le temps est-il un cirque ou une fleur ?
First Meeting of the Urantia Uganda August 2020 Planning Committee	Première réunion du Comité de Planification d'Urantia Ouganda d'août 2020
Praise to the Mother All Loving	Louange à la Mère Toute Aimante
End page	Fin de la page
Spring 2020 Issue	Numéro du printemps 2020
Cover	The Mighty Messenger Printemps 2020 — Couverture
Urantia Global Experience 2020	MISE À JOUR de l’Expérience Globale Urantia 2020
What is a “Urantia Experience” vs. “Urantia Conference?”	Qu’est-ce qu’une « Expérience Urantia » par rapport à une « Conférence Urantia » ?
Announcing the Graduation Initiative	Annonce de l’initiative de remise des diplômes
A Urantia in Second Life	Une Urantia dans Second Life
Pipeline of Light	« Pipeline of Light »
Fellowship Field Worker Program	Programme de bourses d'agents de terrain
Mr. Frog	M. Grenouille
Burning Man AI	IA de Burning Man
Mind and Artificial Intelligence	Esprit et intelligence artificielle
New GC and EC Members	Nouveaux membres du CA et du CE
Urantia Book Study Group Directory	Annuaire du Groupe d’étude du Livre d’Urantia
Commonality Among Faiths	Projet « Commonalité entre les confessions » du Comité interconfessionnel
Emerging Communities	Soutenir, engager et atteindre les communautés existantes et émergentes de lecteurs du Livre d'Urantia
Graduation Memorial Page	Page commémorative de remise des diplômes
UBF Website Tricks	Trucs et astuces Web de la Communauté du Livre d'Urantia
Upcoming Publication Deadlines	Dates limites de publication à venir
Why Place The Urantia Book Initially In America?	Pourquoi placer initialement le Livre d’Urantia en Amérique ?
Upcoming Events	Évènements à venir
Family Chapel	Chapelle familiale
Fall 2020 Issue	Numéro d'automne 2020
Cover	The Mighty Messenger Automne 2020 — Couverture
Letter from the Publications Chair	Lettre du président des publications
Working with the Angels of Progress	Travailler avec les anges du progrès
The Angels of Progress	Les anges du progrès
Whole Life Books	Livres sur la vie entière
Checkmate: The Progress Angels and the Religious Guardians in Play	Échec et mat : les anges du progrès et les gardiens religieux en jeu
Fellowship Education Committee	Comité de formation des boursiers
On the Subject of Love	Au sujet de l’amour
Urantia Life Lessons	Leçons de vie sur Urantia
Interview with Reverend Yi	Entretien avec le révérend Yi
Definition of Prayer	Définition de la prière
UNITY	UNITÉ
Turkish translation of the Urantia Book	Traduction turque du Livre d'Urantia
My Grandmother the Survivor	Ma grand-mère la survivante
Pipeline of Light Report	Rapport sur le « Pipeline of Light »
Africa Outreach	Sensibilisation à l’Afrique
Spirit of Truth Podcasts	Podcasts de l’Esprit de Vérité
Urantia Book Fellowship Donation	Don de la Fellowship du Livre d'Urantia
CN20 Conference	Conférence CN20
Report on CN20 Conference and Urantia TV	Rapport sur la Conférence CN20 et Urantia TV
Travels with the Urantia Book	Voyager avec le Livre d'Urantia
Organizational Guidance Committee Report	Rapport du Comité d'orientation organisationnelle
Publication Deadlines	Dates limites de publication
Graduation Memorial Page	Page commémorative de remise des diplômes
Urantia University Institute- Fall Courses	Institut universitaire Urantia – Cours d’automne
Spanish Outreach Committee Report	Rapport du Comité espagnol de sensibilisation
An Invitation from TheChristExperiment	Une invitation de TheChristExperiment
Spirit of Truth - Angie Thurston Interview	Esprit de vérité - Entretien avec Angie Thurston
Planned Giving to The Urantia Book Fellowship	Don prévu à la Fellowship du Livre d’Urantia
End page	Fin de la page
Spring 2021 Issue	Numéro du printemps 2021
Cover	The Mighty Messenger Printemps 2021 — Couverture
The Melchizedek Mission: Salvaging Truth	La mission Melchisédek : sauver la vérité
Planetary Government	Gouvernement planétaire
Teachings of the Salem Missionaries	Enseignements des missionnaires de Salem
Abraham's Salute	Le salut d'Abraham
The Urantia Book is Not a Cult	Le Livre d'Urantia n'est pas une secte
Machiventa Melchizedek	Machiventa Melchizédek
Virtual Summer Study Session	21-07-22 au 25 Session d'étude virtuelle d'été
Machiventa Melchizedek	Machiventa Melchizédek
The Second Miler Program	Le deuxième programme Miler
Impact of Second Miler Program	Impact du programme Second Miler
Upcoming Publications Themes and Deadlines 2021	Thèmes et dates limites des publications à venir 2021
New General Councilors	Nouveaux conseillers généraux
Survived the Fiery Trial	A survécu à l’épreuve enflammée
The Will of God	La Volonté de Dieu, Partie 1 « Amour »
Pipeline of Light Report	Rapport sur le pipeline de lumière
Inmate Correspondence Program	Programme de correspondance des détenus
End page	Fin de la page
Summer 2022 Issue	Numéro d'été 2022
Cover	The Mighty Messenger Été 2022 — Couverture
Introduction: Stepping Stones to Spiritual Growth	Introduction : Tremplins vers la croissance spirituelle
Stepping Into a New Sense of Reality	Entrer dans un nouveau sens de la réalité
Why Pray?	Pourquoi prier ?
Rebecca - A Love Story	Rebecca - Une histoire d'amour
For You Who Want Something Different From Your Life	Pour vous qui voulez quelque chose de différent de votre vie
How Jesus Taught Each Person	Comment Jésus a enseigné à chaque personne
Our Journey from Selfish to Selfless	Notre voyage d’égoïste à altruiste
Will My Atheist Mom Resurrect from the Dead?	Ma mère athée ressuscitera-t-elle d'entre les morts ?
Try a Little Faithfulness	Essayez un peu de fidélité
Beware! I am Contagious!	Méfiez-vous! Je suis contagieuse !
Twelve Ways I Hear from God	Douze façons d’entendre Dieu
The Impersonal Life	La vie impersonnelle
“The Long Path” photo	Photo « Le long chemin »
“This is Sacred Grounds” sculpture	Sculpture « Voici les Terres sacrées »
Special 2022 Issue	Numéro d'été 2022
Cover	Sources de perspicacité révélatrice : une méditation sur les sources humaines — Couverture
Dedication	Dévouement
Steve’s Revelation Gifts	Cadeaux de révélation Dreier de Steve
Sources of Revelatory Insight: A Meditation on the “Human Sources”	Sources de perspicacité révélatrice : une méditation sur les « sources humaines »
Discourse on Reality	Discours sur la réalité — Sources d'insights révélateurs, — Une méditation sur l’humain Auteur Ralph Tyler Flewelling — Première partie
True Values	Vraies valeurs — Sources d'insights révélateurs, — Une méditation sur l’humain Auteur Ralph Tyler Flewelling — Deuxième partie
Good and Evil	Le bien et le mal — Sources de perspicacité révélatrice, — Une méditation sur l’humain Auteur Ralph Tyler Flewelling — Troisième partie
Truth and Faith	Vérité et foi — Sources de perspicacité révélatrice, — Une méditation sur l’humain Auteur Ralph Tyler Flewelling — Quatrième partie
Auto-Revelation	Révélation automatique
Gallery	Galerie
Summary Data for 18 Selected Human Sources	Données récapitulatives pour 18 sources humaines sélectionnées
Summer 2023 Issue	Numéro d'été 2023
Cover	The Mighty Messenger Été 2023 — Couverture
Translators	Traducteurs
Once-Distant Lands	Terres autrefois lointaines
The Fellowship's International Presence	La présence internationale de la Fellowship
Grand World Celebration of the Anniversary of the Birth of Jesus	Grande célébration mondiale de l’anniversaire de la naissance de Jésus
Book Fair in La Paz, Bolivia	Foire du livre à La Paz, Bolivie
Pasko (Christmas)	Pasko (Noël)
The First Urantia Book Conference in Uganda: A Personal Account	La première conférence du livre d'Urantia en Ouganda : un récit personnel
2022 Annual Pipeline of Light Report	Rapport annuel 2022 sur le pipeline de lumière
Urantia Poets to Publish Book	Les poètes d'Urantia vont publier un livre
The Future of the Urantia Movement—Young People in Sight!	L’avenir du Mouvement Urantia : les jeunes en vue !
Artwork	Ouvrages d'art
Sea of Galilee photo	Photo de la mer de Galilée
Balanced Rock	Roche équilibrée
View from Above	Vue d'en-haut
View from the Nazareth Hill	Vue depuis la colline de Nazareth
Chilean Book Fair 2022	Foire du livre chilien 2022
Thirty-Fifth Conference in Mazatlán, Mexico	Trente-cinquième Conférence à Mazatlán, Mexique
Spirit-Led Teamwork: The Pearl of the Universes	Travail d'équipe dirigé par l’Esprit : la perle des univers
A Spiritually Enriching Summer Vacation for the Whole Family (IC23)	Des vacances d'été spirituellement enrichissantes pour toute la famille (IC23)
Memories of International Conferences	Souvenirs de conférences internationales
Latin America Sub Committee Book Fairs and Events 2023	Foires et événements du livre du Sous-comité d'Amérique latine 2023
Urantia Book Fellowship International Conference 2023 (IC23)	Conférence internationale de la Fellowship du Livre d'Urantia 2023 (IC23)
A Better World	Un monde meilleur
Photo of Mural “Tonantzin Renace”	Photo de la fresque murale « Tonantzin Renace »