Index of The Study Group Herald articles	https://ubhs.hosted-by-files.com/http/FrameDocTypesBY.html	is-title	The Study Group Herald
Volume 1 — 1991	---	is-volume	---
December 1991 — Vol. 1 No. 2	/image/article/Study_Group_Herald/1991_12.jpg	is-issue	---
Issue Content, December 1991	/en/article/Study_Group_Herald/Issue_Content_1991_12	---	Spiritual Fellowship
The Study Groups Around Oklahoma City	/en/article/David_Glass/The_Study_Groups_Around_Oklahoma_City	David Glass	Study Group Herald
Studies In Marriage, Home And Children	/en/article/Annette_Crawford/Studies_In_Marriage_Home_And_Children	Annette Crawford	Study Group Herald, Family
A Vision of Angels	/en/article/Art_Gregory/A_Vision_of_Angels	Art Gregory	Study Group Herald
Mother Of My Soul...	/en/article/Annette_Crawford/Mother_Of_My_Soul	Annette Crawford	Study Group Herald
A History of the Urantia Papers	/en/article/Mark_Kulieke/A_History_of_the_Urantia_Papers	Mark Kulieke	Study Group Herald
Lighten Life News	/en/article/Study_Group_Herald/Lighten_Life_News_01	---	Study Group Herald
Facts from Urantia Files	/en/article/Allen_Collins/Facts_from_Urantia_Files	Allen Collins	Study Group Herald
The Water of Astonishment	/en/article/Wayne_Ferrier/The_Water_of_Astonishment	Wayne Ferrier	Study Group Herald
What Am I? Who Am I? An Introspection Of Myself	/en/article/Michael_S_Smith/What_Am_I_Who_Am_I_An_Introspection_Of_Myself	Michael S. Smith	Study Group Herald
Message to my soul	/en/article/Chilufya_M_K_Thompson/Message_to_my_soul	Chilufya M.K. Thompson	Study Group Herald
Periodicals of the Movement	/en/article/Cece_Forrester/Periodicals_of_the_Movement	Cece Forrester	Study Group Herald
On Deity and Gender	/en/article/Mary_Daly/On_Deity_and_Gender	Mary Daly	Study Group Herald
A Life for All Seasons	/en/article/Annie_Spiars/A_Life_for_All_Seasons	Annie_Spiars	Study Group Herald
Letters	/en/article/Study_Group_Herald/Letters	---	Study Group Herald
Classifieds	/en/article/Study_Group_Herald/Classifieds	---	Study Group Herald
Bulletin Board	/en/article/Study_Group_Herald/Bulletin_Board	---	Study Group Herald
A Prayer for Community and Love	/en/article/Stephen_Zendt/A_Prayer_for_Community_and_Love	Stephen Zendt	Study Group Herald
God's Love and His Law	/en/article/Annette_Crawford/Gods_Love_and_His_Law	Annette Crawford	Study Group Herald
Volume 2 — 1992	---	is-volume	---
December 1992 — Vol. 2 No. 3	/image/article/Study_Group_Herald/1992_12.jpg	is-issue	---
Issue Content, December 1992	/en/article/Study_Group_Herald/Issue_Content_1992_12	---	Spiritual Fellowship
Children In The Urantia Movement	/en/article/Janet_Farrington_and_Keith_Graham/Children_In_The_Urantia_Movement	Janet Farrington and Keith Graham	Study Group Herald
Excerpts from the letters	/en/article/Study_Group_Herald/Excerpts_from_the_letters	---	Study Group Herald
20 20 20	/en/article/Gwen_Wenzel/20_20_20	Gwen Wenzel	Study Group Herald
Family Rituals And Celebrations	/en/article/Francyl_Streano_Gawryn/Family_Rituals_And_Celebrations	Francyl Streano Gawryn	Study Group Herald
Urantia Nuptials	/en/article/John_Hyde/Urantia_Nuptials	John Hyde	Study Group Herald
Fatherhood: Jesus As A Creative Parental Role Model	/en/article/Patrick_Yesh/Fatherhood_Jesus_As_A_Creative_Parental_Role_Model	Patrick Yesh	Study Group Herald
Studies For Troubled Times	/en/article/Jill_Hull/Studies_For_Troubled_Times	Jill Hull	Study Group Herald
Ascending Currents	/en/article/Stephen_Zendt/Ascending_Currents	Stephen Zendt	Prayer, Poetry, Study Group Herald
An Interview with Clyde Bedell. Reminiscences Of An Early Forum Member	/en/article/Mark_Kulieke/An_Interview_with_Clyde_Bedell	Mark Kulieke	Study Group Herald
Facts from Urantia Files	/en/article/Allen_Collins/Facts_from_Urantia_Files_2	Allen Collins	Study Group Herald
The Irish Study Group	/en/article/Jim_Breffni/The_Irish_Study_Group	Jim Breffni	Study Group Herald
Letters	/en/article/Study_Group_Herald/Letters_2	---	Study Group Herald
Universal Love Father — A Poem, A Song	/en/article/Peter_Lisk/Universal_Love_Father_A_Poem_A_Song	Peter Lisk	Prayer, Poetry, Study Group Herald
The Soul As The Entrance Into True Community	/en/article/Marta_and_Dave_Elders/The_Soul_As_The_Entrance_Into_True_Community	Marta and Dave Elders	Study Group Herald
Letters	/en/article/Study_Group_Herald/Letters_3	---	Study Group Herald
Classifieds	/en/article/Study_Group_Herald/Classifieds_2	---	Study Group Herald
Bulletin Board	/en/article/Study_Group_Herald/Bulletin_Board_2	---	Study Group Herald
1992 Calendar Of Events	/en/article/Study_Group_Herald/1992_Calendar_Of_Events	---	Study Group Herald
Achieving Balance	/en/article/Dianna_Padgett/Achieving_Balance	Dianna Padgett	Study Group Herald
Touch the World	/en/article/Study_Group_Herald/Touch_the_World	---	Study Group Herald
From The Editor	/en/article/Study_Group_Herald/From_The_Editor	---	Study Group Herald
Volume 3 — 1993	---	is-volume	---
August 1993 — Vol. 3 No. 4	/image/article/Study_Group_Herald/1993_08.jpg	is-issue	---
Issue Content, August 1993	/en/article/Study_Group_Herald/Issue_Content_1993_08	---	Spiritual Fellowship
To Share with Other Readers	/en/article/Jean_Ramsay/To_Share_with_Other_Readers	Jean Ramsay	Study Group Herald
A Letter from New York State	/en/article/Ruth_L_Czankus/A_Letter_from_New_York_State	Ruth L. Czankus	Study Group Herald
Childhood Days at the Forum	/en/article/Mark_Kulieke/Childhood_Days_at_the_Forum	Mark Kulieke	Study Group Herald
Ask and You Shal Receive	/en/article/Bobbie_Dreier/Ask_and_You_Shal_Receive	Bobbie Dreier	Study Group Herald
Caring for an Aging Parent	/en/article/Joan_Biek/Caring_for_an_Aging_Parent	Joan Biek	Study Group Herald
A Memorial of a very Special Nature	/en/article/Laureen_Oskochil/A_Memorial_of_a_very_Special_Nature	Laureen Oskochil	Study Group Herald
An Experience with My Dad in a Nursing Home 	/en/article/Martin_Greenhut/An_Experience_with_My_Dad_in_a_Nursing_Home_	Martin Greenhut	Study Group Herald
Letters	/en/article/Study_Group_Herald/Letters_4	---	Study Group Herald
Motaquest	/en/article/George_Zuberbuehler/Motaquest	George Zuberbuehler	Study Group Herald
The Life and Times of Jesus	/en/article/Allen_Collins/The_Life_and_Times_of_Jesus	Allen Collins	Study Group Herald
Jesus and Jude in Jerusalem Jail	/en/article/Wayne_Ferrier/Jesus_and_Jude_in_Jerusalem_Jail	Wayne Ferrier	Study Group Herald
Ascending Currents	/en/article/Stephen_Zendt/Ascending_Currents_2	Stephen Zendt	Study Group Herald
Florida Students of The Urantia Book	/en/article/David_Glass/Florida_Students_of_The_Urantia_Book	David Glass	Study Group Herald
Letters	/en/article/Study_Group_Herald/Letters_5	---	Study Group Herald
Classifieds	/en/article/Study_Group_Herald/Classifieds_3	---	Study Group Herald
Bulletin Board	/en/article/Study_Group_Herald/Bulletin_Board_3	---	Study Group Herald
Calendar	/en/article/Study_Group_Herald/Calendar	---	Study Group Herald
From The Editor	/en/article/Study_Group_Herald/From_The_Editor_2	---	Study Group Herald
Volume 4 — 1994	---	is-volume	---
Fall 1994 — Vol. 4 No. 5	/image/article/Study_Group_Herald/1994_10.jpg	is-issue	---
Issue Content, Fall 1994	/en/article/Study_Group_Herald/Issue_Content_1994_10	---	Spiritual Fellowship
Initial Thoughts	/en/article/Melissa_Wells/Initial_Thoughts	Melissa Wells	Study Group Herald
In Memoriam	/en/article/Study_Group_Herald/In_Memoriam	---	Study Group Herald
Who and How?	/en/article/Meredith_Sprunger/Who_and_How	Meredith Sprunger	Study Group Herald
Letters To The Herald	/en/article/Study_Group_Herald/Letters_6	---	Study Group Herald
Bulletin Board	/en/article/Study_Group_Herald/Bulletin_Board_4	---	Study Group Herald
International Letters	/en/article/Study_Group_Herald/International_Letters	---	Study Group Herald
The Melchizedek Bestowal 	/en/article/Wayne_and_Ute_Ferrier/The_Melchizedek_Bestowal	Wayne and Ute Ferrier	Study Group Herald
Regarding Instructions or Mandates 	/en/article/Mark_Kulieke/Regarding_Instructions_or_Mandates	Mark Kulieke	Study Group Herald
For Teens, It's A Different World	/en/article/Barry_D_Bradley/For_Teens_Its_A_Different_World	Barry D. Bradley	Study Group Herald
Who Says Day Care Can't Be Fun?	/en/article/Claudia_Ayers_and_Crystal_Harris/Who_Says_Day_Care_Cant_Be_Fun	Claudia Ayers and Crystal Harris	Study Group Herald
The Burden of the Basket	/en/article/Wayne_Ferrier/The_Burden_of_the_Basket	Wayne Ferrier	Study Group Herald
Divorce: To Do or Not To Do?	/en/article/Study_Group_Herald/Divorce_To_Do_or_Not_To_Do	---	Study Group Herald
Men and Women in Partnership	/en/article/Claudia_Ayers_and_Larry_Watkins/Men_and_Women_in_Partnership	Claudia Ayers and Larry Watkins	Study Group Herald
Abortion and The Urantia Book	/en/article/Lissa_and_Douglas_Parker_et_al/Abortion_and_UB	Lissa and Douglas Parker et al	Study Group Herald
Family Life Values Survey	/en/article/Study_Group_Herald/Family_Life_Values_Survey	---	Study Group Herald
Planetary Government of Urantia Additional Definitions and References	/en/article/Larry_Geis_and_Stephen_Zendt/Planetary_Government_of_Urantia	Larry Geis and Stephen Zendt	Study Group Herald
Study Groups of Arizona	/en/article/Study_Group_Herald/Study_Groups_of_Arizona	---	Study Group Herald
The Urantia Book at the Parliament of World's Religions	/en/article/Paula_Thompson/UB_at_the_Parliament_of_Worlds_Religions	Paula Thompson	Study Group Herald
Enjoying the Spectacle of the Parliament	/en/article/Byron_Belitsos/Enjoying_the_Spectacle_of_the_Parliament	Byron Belitsos	Study Group Herald
The Grapevine	/en/article/Study_Group_Herald/The_Grapevine	---	Study Group Herald
Classifieds	/en/article/Study_Group_Herald/Classifieds_4	---	Study Group Herald
Ascending Currents	/en/article/Study_Group_Herald/Ascending_Currents	---	Study Group Herald
Volume 6 — 1996	---	is-volume	---
Spring/Summer 1996 — Vol. 6 No. 7	/image/article/Study_Group_Herald/1996_06.jpg	is-issue	---
Issue Content, Spring/Summer 1996	/en/article/Study_Group_Herald/Issue_Content_1996_06	---	Spiritual Fellowship
Letters To The Fellowship	/en/article/Study_Group_Herald/Letters_7	---	Study Group Herald
General Council Meets in San Francisco	/en/article/Study_Group_Herald/General_Council_Meets_in_San_Francisco	---	Study Group Herald
Get Ready for IC '96	/en/article/Study_Group_Herald/Get_Ready_for_IC_96	---	Study Group Herald
Dateline	/en/article/Study_Group_Herald/Dateline	---	Study Group Herald
Little UrantiaL	/en/article/Michael_Gillespie/Little_UrantiaL	Michael Gillespie	Study Group Herald
Dare to Risk	/en/article/Study_Group_Herald/Dare_to_Risk	---	Poetry, Study Group Herald
The Science of Fatherhood	/en/article/Claire_Thurston/The_Science_of_Fatherhood	Claire Thurston	Study Group Herald
IC'96	/en/article/Study_Group_Herald/IC96	---	Study Group Herald
Graduation of Ruth E. Renn	/en/article/Carolyn_Kendall/Graduation_of_Ruth_E_Renn	---	Study Group Herald
Calendar	/en/article/Study_Group_Herald/Calendar_2	---	Study Group Herald
Winter 1996 — Vol. 6 No. 8	/image/article/Study_Group_Herald/1996_12.jpg	is-issue	---
Issue Content, Winter 1996	/en/article/Study_Group_Herald/Issue_Content_1996_12	---	Spiritual Fellowship
Welcome to the New Study Group Herald	/en/article/Study_Group_Herald/Welcome_to_the_New_Study_Group_Herald	---	Study Group Herald
Letters to the Fellowship	/en/article/Study_Group_Herald/Letters_8	---	Study Group Herald
International Letters	/en/article/Study_Group_Herald/International_Letters_2	---	Study Group Herald
A Place Apart	/en/article/Gard_Jameson/A_Place_Apart	Gard Jameson	Study Group Herald
Defining Spiritual Service 	/en/article/David_Kantor/Defining_Spiritual_Service	David Kantor	Study Group Herald
Reaching Out in Faith	/en/article/Ramon_Barbosa/Reaching_Out_in_Faith	Ramon Barbosa	Study Group Herald
Last of Founding Trustees Passes Away	/en/article/Carolyn_Kendall/Last_of_Founding_Trustees_Passes_Away	Carolyn Kendall	Study Group Herald
Gearing Up for IC 96	/en/article/Melissa_Wells/Gearing_Up_for_IC_96	Melissa Wells	Study Group Herald
Jesus — The Man, The Hero	/en/article/Rev_James_F_Kelly/Jesus_The_Man_The_Hero	Rev James F. Kelly	Study Group Herald
A Hero For All	/en/article/Melissa_Wells/A_Hero_For_All	Melissa Wells	Study Group Herald
Two Prayer Poems	/en/article/Michael_Bain/Two_Prayer_Poems	Michael Bain	Prayer, Poetry, Study Group Herald
Dateline	/en/article/Study_Group_Herald/Dateline_2	---	Study Group Herald
2,000th Birthday Party	/en/article/Study_Group_Herald/2000th_Birthday_Party	---	Study Group Herald
In Close Proximity — The World of the Nonbreathers	/en/article/Deborah_Foster/In_Close_Proximity_The_World_of_the_Nonbreathers	Deborah Foster	Study Group Herald
What Does Urantia Mean?	/en/article/Wayne_and_Ute_Ferrier/What_Does_Urantia_Mean	Wayne and Ute Ferrier	Study Group Herald
Study Groups of Tennessee	/en/article/Study_Group_Herald/Study_Groups_of_Tennessee	---	Study Group Herald
Divine Nature	/en/article/Janet_Farrington/Divine_Nature	Janet Farrington	Poetry, Study Group Herald
Calendar	/en/article/Study_Group_Herald/Calendar_3	---	Spiritual Fellowship
Volume 7 — 1997	---	is-volume	---
Winter 1997 — Vol. 6 No. 9	/image/article/Study_Group_Herald/1997_12.jpg	is-issue	---
Issue Content, Winter 1997	/en/article/Study_Group_Herald/Issue_Content_1997_12	---	Spiritual Fellowship
Letters	/en/article/Study_Group_Herald/Letters_9	---	Study Group Herald
IC 96 Coverage	/en/article/Study_Group_Herald/IC_96_Coverage	---	Study Group Herald
The Cosmic Family	/en/article/Dan_Massey/The_Cosmic_Family	Dan Massey	Poetry, Study Group Herald
Study Group Directory	/en/article/Study_Group_Herald/Study_Group_Directory	---	Study Group Herald
Faith Makes All Things Possible & Love Makes Them Beautiful	/en/article/Geri_Johnson/Faith_Makes_All_Things_Possible	Geri Johnson	Study Group Herald
We're All Connected	/en/article/Earlene_Green/Were_All_Connected	Earlene Green	Study Group Herald
The Urantia Book in Lithuania	/en/article/Arvydas_Maciokas/The_Urantia_Book_in_Lithuania	Arvydas Maciokas	Study Group Herald
IC 96 Photo Essay	/en/article/Study_Group_Herald/IC_96_Photo_Essay	--	Study Group Herald
1997 Summer Seminar To Meet in Vancouver July 10-13	/en/article/Dan_Massey/1997_Summer_Seminar_To_Meet_in_Vancouver	Dan Massey	Study Group Herald
Three Rs: Relationship, Religion and Revelation	/en/article/Dan_Massey/Three_Rs_Relationship_Religion_and_Revelation	Dan Massey	Study Group Herald
Dateline	/en/article/Study_Group_Herald/Dateline_3	---	Study Group Herald
News from Colombia	/en/article/Study_Group_Herald/News_from_Colombia	---	Study Group Herald
President's Report to the General Council	/en/article/Steve_Dreier/Presidents_Report_to_the_General_Council	Steve Dreier	Study Group Herald
The Fellowship Is Now On The WWW	/en/article/Barry_D_Bradley/The_Fellowship_Is_Now_On_The_WWW	Barry D. Bradley	Study Group Herald
Calendar Of Events	/en/article/Study_Group_Herald/Calendar_4	---	Study Group Herald